breed,height_low_inches,height_high_inches,weight_low_lbs,weight_high_lbs,good in apartment,good for novice owner,independant,prefers cold weather,prefers hot weather,kid freindly,shedding,grooming,health,size,trainabilty,intelligence,energy
Akita,26,28,80,120,2,2,1,5,2,1,5,1,4,4,2,3,4
Bernese Mountain Dog,23,27,85,110,1,2,1,5,1,5,5,3,1,5,4,4,4
Bloodhound,24,26,80,120,1,2,2,3,3,5,4,1,3,4,3,4,5
Borzoi,26,28,70,100,5,3,1,4,3,3,5,4,4,5,3,4,2
Bullmastiff,25,27,100,130,3,2,2,4,2,5,1,5,2,5,3,3,2
Great Dane,32,32,120,160,1,1,1,2,3,5,5,5,4,5,5,3,5
Great Pyrenees,27,32,95,120,1,1,3,5,3,4,5,4,2,5,1,4,5
Irish Wolfhound,28,35,90,150,1,2,2,4,2,5,3,3,1,5,3,4,2
Kuvasz,28,30,70,120,1,1,1,5,2,1,4,4,4,5,2,4,4
Mastiff,27,30,175,190,2,1,3,4,1,5,3,3,3,5,3,2,3
Newfoundland,26,28,100,150,1,3,1,5,2,5,5,2,1,5,5,4,3
Rottweiler,22,27,90,110,2,1,1,2,3,4,4,5,2,3,4,5,4
Saint Bernard,25,28,110,190,3,2,1,5,1,5,4,2,2,5,2,4,3
Afghan Hound,25,27,50,60,5,3,2,5,5,5,4,1,3,4,1,4,5
Alaskan Malamute,na,na,na,na,1,1,1,5,2,3,5,1,4,4,4,4,5
American Foxhound,22,25,65,70,1,2,1,4,4,5,3,5,5,3,2,3,5
Belgian Malinois,22,26,60,65,1,3,3,4,4,4,2,5,4,4,5,5,5
Belgian Sheepdog,22,26,60,75,3,3,3,4,3,5,5,3,3,4,5,5,5
Belgian Tervuren,22,26,60,75,3,3,1,4,3,3,4,3,3,4,5,5,5
Black Russian Terrier,25,29,80,140,3,2,2,4,3,5,3,2,3,5,4,4,3
Boxer,21,25,65,70,4,3,1,2,1,4,4,5,2,3,4,4,5
Briard,23,27,74,76,3,3,3,4,3,5,1,1,3,4,4,4,4
Chesapeake Bay Retriever,21,26,55,75,1,1,2,4,4,3,5,5,4,3,3,4,5
Clumber Spaniel,19,20,35,65,5,5,2,5,2,3,5,1,2,3,4,3,3
Doberman Pinscher,26,28,60,100,3,3,2,1,4,3,4,5,1,4,5,5,3
English Foxhound,22,25,65,70,1,2,4,3,3,4,3,5,4,3,3,3,5
English Setter,23,27,45,80,1,3,1,4,3,5,3,3,3,3,3,5,4
German Shepherd Dog,22,26,75,90,3,2,2,4,3,5,5,5,4,4,5,5,5
German Shorthaired Pointer,20,27,50,80,1,2,1,2,4,5,2,5,3,3,5,5,5
German Wirehaired Pointer,22,26,60,70,2,3,2,3,4,3,2,4,4,4,4,5,5
Giant Schnauzer,25,28,70,75,1,1,2,4,2,3,4,2,4,4,5,4,5
Golden Retriever,21,24,55,75,2,3,1,3,3,5,5,2,2,3,5,5,5
Gordon Setter,23,27,45,80,2,3,1,4,3,3,5,2,4,3,5,5,5
Greyhound,27,30,60,70,4,2,1,1,5,5,4,5,4,4,5,5,5
Irish Setter,25,27,60,70,1,3,2,4,3,5,4,3,2,4,4,5,5
Komondor,26.5,35.5,80,135,2,1,1,4,3,3,3,2,2,4,4,4,2
Labrador Retriever,21,24,55,80,1,3,2,3,3,5,5,5,3,4,5,5,5
Rhodesian Ridgeback,24,27,70,85,1,2,2,3,3,4,4,5,4,4,2,4,4
Scottish Deerhound,28,32,75,110,1,1,2,4,4,4,5,2,3,5,2,3,5
Spinone Italiano,23,28,65,80,4,4,2,4,3,5,3,2,3,4,4,4,4
Tibetan Mastiff,24,26,140,170,1,1,1,5,2,5,2,4,3,5,1,5,4
Weimaraner,25,27,70,85,1,2,1,3,4,4,4,5,3,4,4,5,5
American Staffordshire Terrier,17,19,40,50,2,2,2,2,3,4,2,4,3,3,4,4,3
American Water Spaniel,15,18,25,45,2,2,1,2,4,5,3,3,3,3,4,3,5
Australian Cattle Dog,17,20,35,45,2,1,3,4,4,3,3,4,5,3,5,5,5
Australian Shepherd,18,23,40,60,1,2,2,4,4,4,3,1,2,3,5,5,5
Basset Hound,14,14,40,50,5,4,3,2,2,5,4,5,1,3,2,4,2
Bearded Collie,20,22,40,60,3,4,2,4,3,4,4,2,3,3,5,4,4
Border Collie,19,21,40,40,2,2,1,4,4,4,3,3,2,3,5,5,5
Brittany,17,21,30,40,1,3,1,4,3,5,3,3,4,3,3,5,5
Bull Terrier,21,22,50,70,4,3,2,1,4,5,3,5,4,2,5,4,4
Canaan Dog,19,24,35,55,4,2,3,3,5,2,4,5,5,3,5,4,4
Chow Chow,19,22,45,55,3,2,5,5,2,1,1,1,2,4,2,1,2
Dalmatian,19,23,45,70,2,3,3,3,4,4,5,5,4,3,4,4,5
English Springer Spaniel,20,20,45,55,1,3,1,3,4,5,3,2,3,3,5,5,5
Field Spaniel,18,18,35,50,1,3,1,3,4,5,3,4,3,2,5,5,5
Finnish Spitz,15,20,31,35,3,3,1,5,3,5,4,2,4,3,3,4,5
Harrier,19,21,40,60,1,3,3,3,4,5,3,5,5,3,2,4,5
Ibizan Hound,22,29,42,55,5,3,2,1,4,5,3,5,4,3,3,4,5
Irish Terrier,18,19,25,27,3,2,2,4,4,5,4,2,5,3,1,4,5
Irish Water Spaniel,10,23,45,65,3,2,3,4,4,5,1,3,2,3,5,4,5
Keeshond,17,19,35,50,4,4,1,5,3,5,5,3,3,3,4,4,4
Kerry Blue Terrier,17,21,30,45,3,2,3,4,3,4,1,2,3,3,4,4,4
Norwegian Elkhound,19,20,40,60,4,4,2,5,3,4,5,3,4,3,2,4,5
Nova Scotia Duck Tolling Retriever,17,21,35,50,5,3,2,4,4,5,3,5,4,3,4,5,5
Pharaoh Hound,21,25,45,55,4,4,2,1,5,5,2,4,5,3,3,4,2
Pointer,21,24,44,66,1,1,1,2,4,5,3,5,3,3,5,5,5
Polish Lowland Sheepdog,16,20,30,35,4,2,3,4,4,4,1,1,4,3,4,4,4
Portuguese Water Dog,20,23,42,60,4,3,2,4,3,5,1,2,4,3,4,5,5
Redbone Coonhound,21,27,50,70,4,2,2,3,2,5,2,5,3,3,3,4,4
Saluki,23,28,35,70,1,2,1,2,3,4,2,4,4,4,4,4,5
Samoyed,19,24,50,65,2,2,2,5,1,5,5,1,3,3,3,3,5
Siberian Husky,20,23,40,60,2,1,1,5,3,5,4,2,4,3,2,3,5
Staffordshire Bull Terrier,14,16,24,28,3,1,2,3,1,5,3,5,3,2,2,3,3
Standard Schnauzer,17,19,33,33,4,2,2,4,4,4,1,2,5,3,3,5,5
Sussex Spaniel,15,16,40,45,5,5,1,5,5,5,3,4,4,2,3,5,2
Vizsla,48,66,22,25,1,3,1,1,4,5,2,5,4,3,5,4,5
Welsh Springer Spaniel,16,19,35,45,4,4,1,4,4,5,3,4,4,3,5,5,5
Wirehaired Pointing Griffon,20,24,45,60,1,3,1,4,3,5,1,3,4,3,5,5,5
Australian Terrier,10,10,10,14,5,3,2,3,4,3,1,5,5,1,3,4,5
Basenji,17,17,20,22,5,4,4,1,4,5,1,5,2,2,1,4,5
Beagle,13,16,18,30,4,3,1,2,4,5,3,4,1,2,1,4,4
Bedlington Terrier,15,16,18,23,4,4,3,4,3,4,5,1,4,3,3,5,4
Bichon Frise,9.5,11.5,10,18,5,5,1,3,4,4,2,1,4,2,5,4,5
Border Terrier,12,15,12,15,4,3,1,4,3,4,3,2,4,2,3,5,4
Boston Terrier,14,15,15,25,5,4,3,3,2,5,2,5,4,2,4,4,4
Brussels Griffon,7,8,6,12,5,2,1,1,2,4,3,3,3,1,3,4,5
Cairn Terrier,9,10,14,14,5,4,1,4,4,5,3,5,4,1,2,5,5
Cardigan Welsh Corgi,10,12,25,35,4,4,3,4,3,4,4,3,4,2,4,5,3
Cavalier King Charles Spaniel,10,15,15,20,5,5,1,3,2,5,3,4,4,2,4,4,3
Coton de Tulear,not found,not found,not found,not found,5,4,1,3,3,5,1,2,5,1,3,4,3
Dachshund,7,10,16,32,5,4,3,1,3,5,3,3,2,1,2,4,3
Dandie Dinmont Terrier,18,24,8,11,4,4,2,3,3,4,3,2,3,1,2,3,3
English Toy Spaniel,10,10,9,15,4,4,1,2,2,1,5,4,2,2,3,3,3
French Bulldog,11,12,17,28,5,5,1,2,1,4,3,5,2,2,4,3,3
German Pinscher,16,19,25,35,3,3,3,3,4,3,3,5,4,3,4,5,5
Lakeland Terrier,13,14,15,17,4,3,2,4,4,4,2,2,5,2,2,4,5
Pug,10,11,14,22,5,5,1,2,1,4,5,5,1,2,3,2,3
Puli,16,17,29,33,4,1,2,4,3,5,1,1,5,3,2,4,5
Schipperke,10,13,12,18,4,2,3,3,2,5,3,5,4,1,2,4,5
Scottish Terrier,10,12,18,22,4,2,3,4,3,4,2,2,4,2,1,4,4
Sealyham Terrier,12,12,18,20,4,4,2,4,3,4,4,1,5,2,3,4,4
Shiba Inu,13,16,15,30,5,4,5,4,3,3,4,4,3,2,2,4,4
Shih Tzu,8,11,9,16,5,5,3,3,1,4,3,1,3,1,3,4,2
Silky Terrier,9,10,8,11,5,3,3,1,4,3,2,4,4,1,4,4,4
Skye Terrier,10,10,25,25,4,4,2,4,4,4,3,3,5,2,2,4,3
Tibetan Spaniel,10,10,9,15,5,4,1,1,2,5,3,4,5,1,4,4,3
Tibetan Terrier,14,17,20,30,5,3,1,4,4,5,1,1,5,2,4,4,5
Welsh Terrier,15,15,20,21,3,3,2,2,2,5,2,2,5,2,3,5,5
West Highland White Terrier,11,11,13,15,4,4,2,4,3,4,4,3,3,2,4,4,4
Whippet,18,22,27,30,5,3,2,1,4,5,2,5,4,3,4,4,5
Affenpinscher,9,12,8,12,5,4,1,3,3,1,1,3,4,1,2,4,4
Chihuahua,6,9,2,5,5,4,1,1,2,5,2,5,2,1,4,4,3
Chinese Crested,11,13,5,12,5,3,1,1,3,5,2,2,5,2,4,3,2
Italian Greyhound,12,15,6,10,5,5,1,1,3,5,2,5,3,2,3,3,4
Japanese Chin,8,11,4,11,5,4,1,3,2,3,3,3,3,1,3,3,2
Maltese,8,10,4,6,5,5,1,1,3,3,2,2,3,1,4,4,3
Papillon,8,11,5,10,5,5,1,2,4,3,2,3,3,1,5,4,4
Pomeranian,12,12,3,7,4,4,1,4,2,2,4,2,3,1,4,4,3
Toy Fox Terrier,10,10,4,7,5,3,1,2,3,4,4,5,5,1,3,4,5
Yorkshire Terrier,8,8,3,7,5,4,2,2,2,2,2,2,4,1,3,3,5
